name,id,type,area_id,grade,height,pitches,score,votes,description,star_ratings
Cake Walk,106956306,Trad,106947239,Easy,40,1,2.0,2.0,Obvious chimney half way up the gully.  Several variations.  Expect to find scout troops camped out on this climb.,"{106744438: 2, 111848152: 2}"
Cole's Calamity,106957920,Trad,106956366,5.7,30,1,1.0,1.0,Climb the chimney moving deeper as you ascend.,{106744438: 1}
Fat Man's Crack,106957909,Trad,106956366,5.6,35,1,3.0,1.0,Body jam your way up to a large chock stone.  Move deeper into the flake and squeeze through the top to easy but slick climbing above.,{106744438: 3}
Feces Mammalius,106957937,Trad,106956366,5.8,35,1,1.0,1.0,Climb the jam crack 35 feet to a ledge.  Bush whack to the top.,{106744438: 1}
Herniated Disk,106957884,Trad,106956366,5.7,40,1,2.7,3.0,Hand to Fist size Crack widens to off-width with a tricky top out.,"{106744438: 3, 112530455: 3, 107818904: 2}"
Slimer,106957932,Trad,106956366,Easy,20,1,0.0,1.0,Climb the dihedral chimney.  The climb earns its name.,{106744438: 0}
Temple of Doom,106957914,Trad,106956366,5.9,40,1,2.0,1.0,Climb up and right on hand and fist jams to a dihedral.  Move up the dihedral to a ledge.  Climb left up a thin crack to a sketchy top out.,{106744438: 2}
Devil's Hideaway,107717918,Trad,106956359,5.11b,65,1,3.0,2.0,25 feet right of Monster Crack. Climb the hand crack up to the large roof. Go left through the roof and the hold all but disapear.,"{107562472: 3, 109101477: 3}"
Monster Crack,112062265,Trad,106956359,5.10c,70,1,3.0,2.0,"*Copied description from climbing.com**   ""THE CLASSIC HARD BACKBONE CLIMB. Climb the thin crack to a dihedral (about 45 ft up). Stem the dihedral to a ledge. Top out on a hard hanging offwidth. (~70 feet)""    50' to the left of Devil's Hideaway (the one with the obvious roof).","{112062208: 3, 112530455: 3}"
A-Wall,106956228,Trad,106947227,5.10a,65,1,2.8,8.0,Vertical hand crack right of the diagonal crack Lefty and Poncho.  The crack disappears two thirds of the way up.  Continue on slopers and pockets to top.,"{107564993: 3, 107562472: 3, 106744438: 3, 112530455: 3, 200064832: 3, 200406380: 3, 109101477: 2, 107130713: 2}"
Lefty and Poncho,106956212,Trad,106947227,5.10b,70,1,2.0,1.0,Diagonal hand crack that starts on the left side of the wall.  Joins the route A-Wall then tops out.  The wall above the crack is not able to be protected.,{106744438: 2}
Slot Machine,106956271,Trad,106947227,5.8,70,1,2.6,14.0,Large off-width/squeeze chimney in the center of the wall.  Very polished as this is where every one seems to camp out.,"{112530455: 4, 107564993: 3, 200064832: 3, 109607267: 3, 200482780: 3, 107783719: 3, 107740771: 3, 107562472: 3, 107772619: 2, 107210551: 2, 111848152: 2, 106744438: 2, 107025325: 2, 109101477: 1}"
Spinal Tap,106956299,Trad,106947227,5.7+,60,1,2.0,4.0,"Vertical hand crack to the right of Stairway to Heaven.  Climb crack to overhanging off-width (crux).  Above is easy, dirty climbing to top.","{106744438: 3, 200482780: 3, 107025325: 1, 109515491: 1}"
Stairway to Heaven,106956280,Trad,106947227,5.7,60,1,2.6,10.0,"Climb the large flake right of Slot Machine to a ledge.  Move into left crack for harder, cleaner finish or move right to bush whack to the top.  Good lead for 5.7, tricky gear.","{106744438: 4, 106805644: 3, 200667780: 3, 107740771: 3, 200406380: 3, 200064832: 3, 111848152: 2, 107210551: 2, 107562472: 2, 107130713: 1}"
Hot Stuff,117944498,Boulder,117944427,V3-,12,1,3.0,1.0,Start right hand jug sidepull in the crack and opposing left hand jug.  Hug your way to the end of the roof and pull the bulge to the topout.,{112337532: 3}
Vanished Edens,117944541,Boulder,117944427,V4,12,1,3.0,1.0,Start right hand in a sidepull slot and left hand on a medium sized tooth feature.  Get your foot on and have at it.,{112337532: 3}
A - 003,117172879,Boulder,117156412,V5,6,1,4.0,2.0,Beautiful. Can't believe this rock exists in Iowa.,"{109678890: 4, 200670077: 4}"
A - 006,117201925,Boulder,117156412,V2,8,1,3.0,3.0,techy but good feet!,"{109678890: 4, 200481635: 3, 200670077: 2}"
A - Labrum of Love,117211916,Boulder,117156412,V3,0,1,4.0,2.0,It's all good on this one.,"{109678890: 4, 200481635: 4}"
B - 005,117185218,Boulder,117156412,V4-5,10,1,3.0,3.0,Good bouldering!,"{109678890: 4, 200670077: 4, 108895420: 1}"
B - Adult Recess,117165038,Boulder,117156412,V5-6,10,1,4.0,1.0,Sorry shrimp. You're in the big kids playground now. Now give me all your lunch money before I sock you back to yesterday!,{109678890: 4}
B - Bad Role Models,117157640,Boulder,117156412,V4,10,1,3.3,3.0,One move wonder-ful,"{109678890: 4, 200670077: 3, 200481635: 3}"
B - Don't Forget to Stretch,118850520,Boulder,117156412,V2+,10,1,3.3,3.0,"Start at far pocket and rail. Move to pocket and then to juggy rail to the left, then finish at top. One foot marked in photo, and then the whole left pillar.","{200668329: 4, 200670077: 3, 200481635: 3}"
B - Gaston. Gastoff.,117290951,Boulder,117156412,V4,8,1,3.7,3.0,IT'S CLASSIC BITCH!,"{109678890: 4, 200481635: 4, 200670077: 3}"
B - Veni,118850228,Boulder,117156412,V2-3,0,1,3.0,2.0,"Start on the rail (green), the two extra foot holds are in pink. Finish on the red. [[]]","{200587228: 4, 200481635: 2}"
B - Widespread Panic,119488641,Boulder,117156412,V4-,0,1,3.5,2.0,This one is all about the JAM,"{200670077: 4, 200481635: 3}"
C - 008,117216540,Boulder,117156412,V4-5,8,1,2.5,2.0,BEep boop bap!,"{109678890: 4, 108895420: 1}"
C - 009,117234917,Boulder,117156412,V3,7,1,3.7,3.0,Compresssss,"{109678890: 4, 200670077: 4, 200481635: 3}"
D - 004,117179314,Boulder,117156412,V2,0,1,2.3,4.0,Commit!!!!,"{109678890: 4, 200655192: 2, 200481635: 2, 108895420: 1}"
Yellow Peril: Free standing pillar,106673267,Trad,106673263,5.8,40,1,3.0,1.0,Use your head in preparation for the classic crux move in the overhanging choss chimney.  We'll climb it again if you lead.  First ascent: Nordic Fest weekend 1977.,{106673139: 3}
Corn Syrup,119497820,Boulder,118879111,V2,15,1,3.0,4.0,"Pull the little overhang, reach a couple good holds then slab it out on V0 to the top. Pretty fun. ","{108018674: 3, 105900841: 3, 200481635: 3, 200949995: 3}"
Creme Brûlée,118879872,Boulder,118879111,V8,20,1,4.0,3.0,"start on same underclings as Sugar Butt, move right hand into pinch and left hand crimp then make a wildly heinous move to a small sharp crimp up and right. One more hard move to a bad sloper side pull with left hand, then finish on better slopers and crimps to the top ","{108018674: 4, 200407386: 4, 112337532: 4}"
Diabeetus,118879999,Boulder,118879111,V1,10,1,2.0,2.0,Start on Sweet Crack but instead of traversing left go straight up ,"{108018674: 2, 200949995: 2}"
High Fructose,119706851,Boulder,118879111,V1,15,1,3.0,3.0,"A very cool route in the newly opened section that a lot of people have done, but was yet to be put up on MP. If you're the one who got the FA and want a different route name, feel free to change it.Go to the lip feature on the smooth face. Move into the small left side pull crimp and palm the lip with your other hand. Make a big move up to the jugged lip directly above and to the left of the lip. Just follow the jugs up from here to the top!","{200481635: 3, 200670077: 3, 112337532: 3}"
Honey Hole,118879935,Boulder,118879111,V3,20,1,3.3,3.0,"Start left of Sugar Butt. Go up to a crimp and a good mono, or skip the mono for a big move up to a good hold. Traverse into the finish of Sugar Butt ","{108018674: 4, 112337532: 3, 200603639: 3}"
Low Fructose,119497783,Boulder,118879111,V1,12,1,2.7,6.0,Fun little slabber ,"{108018674: 3, 200670077: 3, 105900841: 3, 200481635: 3, 200809446: 2, 200949995: 2}"
Muffin Top,119497885,Boulder,118879111,V3,15,1,3.0,5.0,"Start on a good crimp rail, go straight up on couple decent holds and match on the somewhat sharp “muffin top” hold, a rounded jug that kinda looks like a muffin top. Then enjoy 8 or 9 feet of nice V0 slab ","{200670077: 4, 108018674: 3, 200481635: 3, 200949995: 3, 105900841: 2}"
Root Canal,119498155,Boulder,118879111,V5,25,1,3.3,3.0,"NOTE: It’s temping, but avoid grabbing the gigantic jug near the top after the crux. It’s lose. I put a big X on it. Start on the big low jug under the choosy roof. Cross right hand up to a good hold then traverse left for about six feet. Matching on the slopey crimp rail is hard as hell. Making the big move to the jug is even harder (Square shaped jug, not the big lose jug). Mantling the overhang is a little sketchy but then you’re on V0 slab to the top. ","{108018674: 4, 112337532: 3, 105900841: 3}"
Root Canal Direct,119570681,Boulder,118879111,V6,12,1,3.0,1.0,"***As with Root Canal, avoid the large block with an ""X"" on it***Start on the same holds as Sugar Hill Gang.  Go out through the bulge and do the crux of Root Canal. This problem will achieve classic status once it gets more traffic and cleans up a bit more.",{112337532: 3}
sticky fingers,119876241,Boulder,118879111,V1-2,12,1,1.0,1.0,"low crux, so a good spotter should help and not problems",{105900841: 1}
Sugar Baby,118879494,Boulder,118879111,V3-4,15,1,3.4,7.0,"Start on the obvious jug just above head level on the right side of the cave (your right when facing the cave). Move left to a pinch, heel hook then go straight up ","{108018674: 4, 200774997: 4, 200670077: 4, 200481635: 3, 200949995: 3, 200603639: 3, 112337532: 3}"
Sugar Bear,118879791,Boulder,118879111,V3,15,1,3.0,5.0,Start on same jug as Sugar Baby. Climb straight up into a black bear looking feature to the top ,"{108018674: 3, 112337532: 3, 200774997: 3, 200481635: 3, 200949995: 3}"
Sugar Butt,118879619,Boulder,118879111,V4,18,1,3.7,3.0,"Start on 2 underclings on the ramp, left side if the cave (your left when facing the cave). R hand up to the crimp next to the pinch of Creme Brulle. L hand to a crimp then throw for the small ledge up Left. Finish on slopers and crimps. Top out is a little scary but not crazy. ","{108018674: 4, 112337532: 4, 200949995: 3}"
Sugar Daddy,118879716,Boulder,118879111,V5,16,1,4.0,4.0,"Starts in the middle of the cave on two crimps and goes straight up. The is the first two moves, remains hard and committing to the top ","{108018674: 4, 105900841: 4, 200112363: 4, 112337532: 4}"
Sugar Daddy Sit Start,119002059,Boulder,118879111,V6,25,1,4.0,3.0,"Start in the cave left hand on the cave wall and right hand on a good hold on the roof (or both on the cave wall - whatever floats your boat).  Move through the roof on good holds to the stand start of Sugar Daddy.  The holds linking to the stand start are often wet, but with good conditions, this line is stellar. Bring a towel if you're working this problem.","{105900841: 4, 200112363: 4, 112337532: 4}"
Sugar Hill Gang,119500105,Boulder,118879111,V3+,15,1,3.0,3.0,start low get. get to two decent holds and dyno left. reset hands fire again for a dyno and top out.,"{105900841: 3, 112337532: 3, 200949995: 3}"
Sugar Mama,118879312,Boulder,118879111,V5,20,1,3.5,2.0,"Link up of Sugar Baby and Sugar Daddy.  Start on Sugar Baby, the obvious jug just above head level on the right side of the cave (your right if facing the cave). Make the first two moves of Sugar Baby then keep bumping left to the crimps on Sugar Daddy and finish straight up. ","{108018674: 4, 112337532: 3}"
Sugar Me Sideways,118909700,Boulder,118879111,5.12d,40,1,4.0,1.0,"A 38 move traverse through almost all the problems in the cave. Feels like a short 12d. Start on a large crimp for both hands to the right and uphill of Sugar Rush, traverse though the bottom of sugar rush, campus into the jug of Sugar Mama, keep moving left through the crux of Creme Brûlée, keep moving left on decent holds until you have the rest on the massive jug of Honey Hole. Then make a rose move on some crips into the jugs on Sweet Dreams, top out on Sweet Dreams. You should be good and pumped on the top out so be careful. ",{108018674: 4}
Sugar Rush,118879821,Boulder,118879111,V4-5,15,1,3.7,7.0,"Right of Sugar Bear. Start on a small ledge crimp or open hand holds inches above, make a big move to a positive rounded jug, finish straight up ","{108018674: 4, 200774997: 4, 105900841: 4, 200481635: 4, 200670077: 4, 112337532: 3, 200949995: 3}"
Sweet Crack,118879952,Boulder,118879111,V2,15,1,2.0,1.0,3ft right of Sugar Rush is a little jug crack. Start here and move left on jugs to finish on Sugar Rush ,{108018674: 2}
Sweet Dreams,119498276,Boulder,118879111,V4-5,20,1,3.3,4.0,"Same low jug start as Root Canal. Right hand up to a juggy crimp, left matches on another juggy crimp a little higher, right foot up then make a move out right to an absolute razor blade crimp. Left hand comes into an under cling at your face, then it’s jugs and good edges to the top. Top out is a little scary but holds are all there. ","{108018674: 4, 200809446: 3, 200949995: 3, 112337532: 3}"
Tootsie Roll,118880033,Boulder,118879111,V2,8,1,2.0,2.0,Sit down and make a couple fun moves ,"{108018674: 2, 200949995: 2}"
Trust Fund Baby,118881362,Boulder,118879111,V4,15,1,3.7,3.0,Same start and first 3 or 4 moves on Sugar Daddy then move right to finish on the jugs of Sugar Baby ,"{108018674: 4, 200670077: 4, 112337532: 4}"
Zero Sugar,118880017,Boulder,118879111,V0,10,1,2.0,2.0,Slap right of Diabeetus ,"{108018674: 2, 200949995: 2}"
Crack face,106394921,Trad,106394917,5.10,50,1,3.0,1.0,"Dubuque routes submitted are star rated in relation to each other.    This over-hanging crack route seemed like it had seen previous action, perhaps even chalk remnants.    It is a short route but overhung and doesn't give up until overcoming the top roof.  Crux would be the top roof.  Good quality limestone minus the hanging chunk in the middle of the crack.  Be wary of this chunk, bits and pieces pull off easily but on the whole it feels sound.",{105838691: 3}
29,114525586,Sport,108470939,5.12a,0,1,3.0,1.0,Hard to find the holds at the bottom. The route transitions to move obvious sloped jugs as you go. Try not to get too pumped to clip the anchors.,{108280591: 3}
Blue Groove,114525575,Sport,108470939,5.11d,0,1,0.0,,"Titular route for the wall, it is steep and a little juggy like the rest.",
Boiler,106935143,Sport,108470939,5.11c,25,1,2.8,4.0,"The crux is getting on. After that you pull down hard on the obvious buckets, and hopefully have enough steam to finish.","{105964503: 3, 106908826: 3, 108280591: 3, 109101477: 2}"
Sakul,114525559,Sport,108470939,5.12a,0,1,0.0,,Deceptively difficult with cruxes at second bolt and top.,
Samurai,114525567,Sport,108470939,5.12a,0,1,0.0,,Pumpy moves on steep rock. Shared start with Boiler,
Bat Attack,106272625,Sport,108470943,5.11a,35,1,0.0,,The crux is pulling the bulge.,
Between the Sheets,106272609,Sport,108470943,5.11a,50,1,2.8,4.0,Somewhat hidden holds at one point.,"{109678890: 4, 106207441: 3, 105964503: 3, 109101477: 1}"
Crap Attack,106272614,Sport,108470943,5.8-,25,1,2.7,7.0,A waste of bolts.,"{109678890: 4, 109101477: 3, 200764808: 3, 112337532: 3, 108222837: 2, 106908826: 2, 108280591: 2}"
Fighting Fish,106272590,Sport,108470943,5.11b,0,1,2.9,8.0,"Short and bouldery, the crux is an undercling, up and to the right of the third bolt.","{109678890: 4, 200764808: 4, 108280591: 3, 109607267: 3, 112337532: 3, 105964503: 2, 109101477: 2, 112324689: 2}"
Flavor Blasted Spermacide,106272595,Sport,108470943,5.9,45,1,2.6,9.0,The crux is a long move between the third and fourth bolts. The climb has a couple fun moves.,"{109678890: 4, 108222837: 3, 106908826: 3, 108280591: 3, 112337532: 3, 107595309: 2, 109607267: 2, 200764808: 2, 105964503: 1}"
Hit the Atmosphere,108405362,Sport,108470943,5.12a,45,1,3.0,1.0,"Easy slab into a gently overhanging face, which transitions into a roof.  Crux is pulling the roof, the approach, or the belay stance.",{108368986: 3}
In Through the Outhole,106272604,Sport,108470943,5.11b,50,1,2.0,1.0,Pulling the roof over the spearhead.,{105964503: 2}
Spearhead,106272599,Sport,108470943,5.7,25,1,2.5,11.0,"The climb is too easy to have a crux, but if you climb it to the left, the holds are sort of slopey.","{200764808: 4, 109678890: 4, 106560997: 3, 106908826: 3, 109101477: 2, 108288491: 2, 109607267: 2, 108222837: 2, 11181: 2, 112337532: 2, 108280591: 1}"
Talent Show,106272620,Sport,108470943,5.11a,50,1,2.9,7.0,"Nice juggy climb.  Its probably closer to 5.10b in difficulty than to 5.11a, however the protection is sort of airy, so you probably don't want to try onsighting it unless you can climb 5.11 confidently.","{109678890: 4, 106908826: 3, 108280591: 3, 109607267: 3, 112337532: 3, 105964503: 2, 109101477: 2}"
[Redacted],106873152,Sport,108470925,5.11d,20,1,3.0,2.0,Horizontal roof to steep pockets.,"{109678890: 4, 106207441: 2}"
Burnin' Hell,106873148,Sport,108470925,5.12a,25,1,1.0,1.0,Starts on a horizontal roof to steep pockets.,{106207441: 1}
El Diablo,106279756,Sport,108470925,5.12-,0,1,3.3,3.0,Crimpfest on a roof.,"{108280591: 4, 105964503: 3, 106207441: 3}"
Go Left,106279745,Sport,108470925,5.10a,60,1,2.0,6.0,Chossy for the first 50 feet with a minicrux about 25 feet up.  The chossy minicrux can be avoided...   by going left ( a couple feet ) to solid rock with a couple of hard to spot bomber holds.    The fun starts for the last 10 feet where it is overhanging and juggy.,"{109678890: 4, 11181: 2, 106908826: 2, 105798365: 2, 105964503: 1, 108280591: 1}"
Horrible chimney route,106873157,Sport,108470925,5.8-,20,1,1.8,4.0,"This climb really has no redeeming value.  It goes into a dirty chimney with lots of loose rocks for a few feet before it tops out at the anchors for Drillin' Hoes.  If you decide to do it, count to ten and think about it some more. Eventually, the urge will pass.","{109678890: 4, 200809446: 3, 105964503: 0, 108280591: 0}"
No Response,106281632,Sport,108470925,5.11c,50,1,3.0,4.0,"There are two cruxes. The first is a small roof about 15 feet up. Actually the hard part is clipping the bolt above this. Next about 2/3's of the way up there is blank spot, that if you want you can avoid by climbing to one side of it.    Its not as sustained, or fun as Ward Off.   It does however have a plentiful supply of loose things that can fall on your belayer.","{109678890: 4, 106908826: 3, 108280591: 3, 105964503: 2}"
Ordinary Freak,106281637,Sport,108470925,5.11d,50,1,3.0,2.0,Seems hard,"{109678890: 4, 108280591: 2}"
Ward off,106279751,Sport,108470925,5.11b,60,1,3.4,5.0,"There is a bulge between the second and third bolts that is balancy to pull.   Other than that, it is a pleasing jug haul.","{108280591: 4, 109678890: 4, 105964503: 3, 11181: 3, 109607267: 3}"
C N Red,106934851,Sport,108470928,5.11c,85,1,3.7,10.0,The climb has two cruxes. The first is the start which is bouldery. The second is a crimpy sequence at the third bolt.,"{112337532: 4, 109678890: 4, 111025116: 4, 109607267: 4, 108280591: 4, 106908826: 4, 107197686: 4, 106207441: 4, 105964503: 3, 109101477: 2}"
D.I.B. Doin It Backwards,110754872,Sport,108470928,5.11b,55,1,2.0,1.0,"Start left of Doin the Smurf.  Ascend the mossy slab and get to the good rock.  Some nice pulling on smaller somewhat hidden holds leads to good jugs and then a crux at the top, traverse to the right to the shared anchors with Smurf.",{107406658: 2}
Death Blox,119734966,Sport,108470928,5.11,70,1,3.5,2.0,Becomes sequentially harder,"{109678890: 4, 108280591: 3}"
Doin' the Smurf,106934855,Sport,108470928,5.11a/b,40,1,2.5,2.0,"It starts with 10 feet of easy slab up to a chossy seam where the first two bolts are placed. After passing the choss, it gets solid and you have to decide which great holds you want to haul on, till you get to a bulge at a seam just below the anchors. Pulling the bulge is the usual Iowa hunt for hands and feet, followed by clipping the anchors.  Except for the second bulge this is a stiff 10.","{108280591: 3, 105964503: 2}"
Adorned with thorns,110576323,Boulder,110549036,V0,15,1,3.0,3.0,Sit start below the crack 10 feet right of the arête.  Climb straight up roughly following the crack. Fun climb now that the thorn bush protecting the topout is gone.,"{108280591: 4, 111925488: 3, 106094812: 2}"
Baby swiss,110576305,Boulder,110549036,V0,18,1,1.5,2.0,"Sit start just to the right of the arête. Climb up through the swiss cheese looking rock at the top.  If you are a bad hold, keep looking, there is a good hold nearby.   Some of the holds are a bit sharp.","{106094812: 2, 108280591: 1}"
Death Screams,110576183,Boulder,110549036,V-easy,18,1,2.0,1.0,Climb the prominent arête on the alcove boulder.  Site start and climb straight up the arête on good holds.,{106094812: 2}
Making Momma Happy,110576311,Boulder,110549036,V1,18,1,2.0,2.0,"Sit start just right of the arête.  Climb up and right, using only the crack for your hands.","{106094812: 2, 112299011: 2}"
Survival of the fattest,110576174,Boulder,110549036,V-easy,18,1,3.0,3.0,Starts left of the arête on good holds.  Good holds all the way to the top.,"{106094812: 3, 112299011: 3, 200800868: 3}"
Tuck your sack back,110576315,Boulder,110549036,V0,15,1,1.5,2.0,Sit start.   Climbs the face in the middle of the cove boulder on the right side of the arête.,"{106094812: 2, 108280591: 1}"
Bae Wall Direct,112166004,Boulder,111212956,V5,18,1,2.8,5.0,The top of Bae Wall was cleaned off to allow the direct line on the Bae wall to be done. Use the two pockets where the face and the bottom of the roof meet before pulling through some washed out bowls above. Celebrate when you find the huge rail a few feet above the roof.,"{110329286: 3, 110122928: 3, 111925488: 3, 112337532: 3, 200043076: 2}"
Bae Wall Dyno,117724313,Boulder,111212956,V4,18,1,3.0,1.0,Fun two handed dyno! Use the lower holds of Bae wall direct to jump to the scoop at the top of the beginning of the roof instead of heading into the crack. ,{200407386: 3}
Bae Watch,112106369,Boulder,111212956,V1,15,1,2.7,3.0,See photo.,"{110585899: 3, 111703228: 3, 108280591: 2}"
Hang Man,111213682,Boulder,111212956,V2,35,1,3.3,6.0,"Starts in obvious pockets, center of face, then climbs left (right of tree).  At roof shoot right hand up to one hell of a hueco, work your feet up to pull the roof with a final daring foot and stand up .  You have completed the first 15 ft, now continue to scramble on v-easy climbing to the top. walk off is left towards LP Wall    the tree is off.","{108280591: 4, 111703228: 4, 109062582: 3, 109607267: 3, 113388983: 3, 112337532: 3}"
Blumpy,111200151,Boulder,110549080,V0,6,1,2.0,2.0,Slightly overhung right side of Arete on Barbed wire boulder. Sit Start with left hand pocket and right hand low. Bump your hands up along smooth pockets to the top.,"{108280591: 2, 111703228: 2}"
Kickin It,110910664,Boulder,110549080,V1,8,1,2.7,3.0,Sit start on the arête of the block. Goes straight up and tops out.,"{106908826: 3, 111703228: 3, 108280591: 2}"
Penis Envy,111711435,Boulder,110549080,V1,10,1,2.5,2.0,Sit Start and work your way up using fun face holds all the way to the top.,"{108280591: 3, 111703228: 2}"
Carpet Shag,111713373,Boulder,111711421,V0,10,1,1.5,2.0,Sit start down low and work your way up jugs to a nice thread.  Tops out left.  Plenty of options for holds.,"{111703228: 2, 108280591: 1}"
Stretch,111757461,Boulder,111711421,V0,12,1,2.0,2.0,Start on obvious holds center of face below a cut out in the top of the face.  move up using holds on left and right to a top out jug. Bring your feet up and either walk off left towards carpet shag top out on a slippery traverse or move up for a direct top out,"{108280591: 2, 111703228: 2}"
Jack Lynx,112304704,Boulder,112104599,V3,14,1,3.0,3.0,Navigate the blank face up to the bomber rail. Gain the top by finding the more reasonable honeycomb shaped features above the rail.,"{110329286: 3, 200043076: 3, 113388983: 3}"
Juggs Haul,112300987,Boulder,112104599,V1,20,1,2.7,6.0,"Start low on the arete. Use jug holds and crack feature, head straight up to upper face. Pull over bulge on interesting holds. Crux is high","{110329286: 3, 111925488: 3, 113388983: 3, 111703228: 3, 107138413: 2, 200043076: 2}"
Logan's Climb,112104889,Boulder,112104599,V1+,17,1,2.0,2.0,"Start low on a pretty nice start jug, work your way up the arete and stick the jug. Go left hand to the pinch above that and dead point or reach high to the obvious jug rail. Traverse the jug rail till you get to the end, then mantle or stem your way up to a chossy finish.","{110201586: 2, 200043076: 2}"
Patrick's Climb,112104887,Boulder,112104599,V1,15,1,2.0,3.0,"Start on the chest height jugs on the arete. Follow the crack feature up the left face, using good holds. Transition on to the right face and traverse right on the good lip, then top out to the left of the fallen tree. Top out is dirty/chossy.","{111865829: 2, 108280591: 2, 200043076: 2}"
Ron Storm is my Hero,112304683,Boulder,112104599,V4+,14,1,2.5,2.0,Fall left into the mouth feature. Use technical feet to stay off the boulder to the left and ascend up shallow pockets on the face. Top out is not for the faint of heart.,"{111925488: 3, 110329286: 2}"
Slim Jim,112301037,Boulder,112104599,V0,18,1,2.8,6.0,"Future area classic, a true working man's boulder problem.   Start with your choice of either wide crack, or overhung tips crack (possibly harder than V0). Lieback your way up a couple of moves to buckets. Gain the keyhole. Rest up on a ledge large enough to bivy on and resist the temptation to escape onto the face to the left. Shuffle right until a gap wide enough for a well proportioned human appears above. Chimney up and out, crux is hip movement to leave the slot.","{111925488: 4, 107138413: 3, 110329286: 3, 200043076: 3, 111703228: 3, 108280591: 1}"
Speed Ascent of the Nose,112304719,Boulder,112104599,V2+,14,1,3.0,3.0,Enjoy some big pockets up to the horizontal crack. Trust some less positive pockets on the arete near the top.,"{110329286: 3, 200043076: 3, 113388983: 3}"
Hollow Earth,114586483,Boulder,114586471,V2+,8,1,3.0,1.0,"Start far right on great holds and use fancy foot work to traverse left towards the bulge.  Utilize different methods to pulling over the bulge and up left to top out.  ""Still dirty but should clean up with time.""  If someone hasn't climbed this one in a while it will need some serious gardening much like most of the climbs at JV.",{108280591: 3}
All nighter,110576496,Boulder,110549014,V3,10,1,2.8,5.0,Sit start using an undercling.  Move straight up on mostly good holds to the topout.,"{106094812: 3, 108280591: 3, 200043076: 3, 113388983: 3, 111925488: 2}"
Campus Tour,118853438,Boulder,110549014,V1-2,40,1,2.0,1.0,"Start in the hueco on the far right of the Freshman Boulder and traverse left, transitioning onto Community College Boulder. Avoid using the seam along the bottom for an added challenge. Finish in the hueco on the far left.  ",{111703228: 2}
Druken roomate,110576487,Boulder,110549014,V2,10,1,2.2,9.0,"Sit start just left of the arête, climb straight up just to the left of the arête. Good holds on steep rock, fun problem.","{112299011: 3, 113388983: 3, 200800868: 3, 106094812: 2, 108280591: 2, 111925488: 2, 200043076: 2, 112359946: 2, 111703228: 1}"
Entrance Exam,110576507,Boulder,110549014,V4,12,1,3.2,6.0,"Same start as Final Exam, but bail out left at the top, avoiding the crux of final exam.","{108280591: 4, 109607267: 4, 111979177: 3, 200043076: 3, 113388983: 3, 106094812: 2}"
Field Trips and Drop Outs,114586441,Boulder,110549014,V0,16,1,3.5,2.0,"Although tall and scary looking, this is a classic high ball and feels very secure on every move.  I was surprised how many times I had walked past this one before climbing it to find it was one of the best jug halls in the park.  Sit start for extra or just start on the big pocket center face.  Work your way up to nice juggy knob. The crux is pulling off of this knob and moving past the ""do not fall"" zone to a deep pocket and then up and over the top out. ","{108280591: 4, 111703228: 3}"
Final Exam,110576500,Boulder,110549014,V5,12,1,3.0,3.0,Sit start below the tallest line in the middle of the boulder.  Climb straight up and top out finishing slightly to the right. Uses a sharp crimp at the crux.,"{106094812: 3, 200800868: 3, 200407386: 3}"
Home sick,110576492,Boulder,110549014,V2,10,1,2.7,6.0,"Sit start 5 feet left of the arête, climb straight up on good holds.  Steep climbing on good holds.","{108280591: 3, 112299011: 3, 200043076: 3, 113388983: 3, 106094812: 2, 111925488: 2}"
Too Much Adderall,112304658,Boulder,110549014,V3,16,1,2.5,2.0,"The bulge is somewhat barren, but try not to cheat on the routes to either side! Trust the crack up high to finish it off.","{110329286: 3, 200800868: 2}"
Tuition Hike,110576483,Boulder,110549014,V1,10,1,2.1,8.0,Sit start on the arête at the far right side of the boulder. Start with one hand on each side of the arête and climb straight up the arête.,"{106094812: 3, 200561285: 3, 111925488: 2, 200043076: 2, 112299011: 2, 200214004: 2, 111703228: 2, 108280591: 1}"
Furniture traverse,110553545,Boulder,110548992,V0,15,1,2.0,3.0,Stand start on the far left side of the furniture boulder.  Traverse the boulder from left to right.,"{106094812: 2, 200642409: 2, 111703228: 2}"
Love Sac,110553560,Boulder,110548992,V0,8,1,2.5,2.0,Sit start on the right side of the furniture boulder.  Good holds to a slopey topout.,"{200076407: 3, 106094812: 2}"
Missionary Style,110553489,Boulder,110548992,V1,0,1,1.7,3.0,Sit start on good edges.  Move straight up to good holds and top out.,"{106094812: 2, 200642409: 2, 110122928: 1}"
Tongue-n-groove,110553553,Boulder,110548992,V1,8,1,2.5,2.0,Sit start in the middle of the furniture boulder. Hard start move to better holds.,"{200076407: 3, 106094812: 2}"
Butt scratcher traverse,110549279,Boulder,110548961,V0,15,1,2.0,1.0,Start on Grounded (sit start).  Traverse all the way to the furniture boulder (trying not to scratch your butt on the tree as you transition onto the furniture boulder) and top out on Love Sac.,{106094812: 2}
Gone Missing,110549272,Boulder,110548961,V0,8,1,2.0,2.0,"Sit start on the right side of the crack, move up and slightly to the left.","{106094812: 2, 200076407: 2}"
Grounded,110549268,Boulder,110548961,V1,8,1,2.5,2.0,Sit start on good holds on the far left side of the boulder.  You start sitting on a small ledge.  Move right and then up for the finish.,"{106094812: 3, 111703228: 2}"
Looking for JT,110549251,Boulder,110548961,V0,8,1,1.5,2.0,"Sit start on the left side of the crack.  Move up and left, finishing on the arête.","{106094812: 2, 200076407: 1}"
Shittin' Kittens,111213617,Boulder,111213583,V0,18,1,2.0,1.0,"Climbs the most center section of the face, slightly to the left of the distinguished tree above.  Lots of mud towards the top out if not cleaned.  Bomber jugs all the way on decent quality rock.",{108280591: 2}
rise up,111213744,Boulder,111213654,V3-4,12,1,2.0,1.0,start with big jug bottom right on wall. move up and to the right of the arete . match left and and foot go up on the left side and top out.,{109062582: 2}
sure shot,111213673,Boulder,111213654,V5,0,1,2.0,1.0,the crux in all the way from the start to the top out. site down start with two finger mono and right hand small crimp above move out to two holds right together. either go straight up or get the hold slightly higher left and then up for the top out.. also feet start is different find the drop knee and the start hold for the other climb is on if needed but nothing more to the left is on.,{109062582: 2}
Group Hug,112246481,Boulder,112246443,V0,10,1,2.0,1.0,Start as low as possible with left hand on left side and right and on right side of arete.  Climb up and good holds to a fun and easy top out.,{108280591: 2}
Merky Bottom Boys,112246447,Boulder,112246443,V3-4,10,1,3.0,2.0,"The crux involves utilizing a toe hook-heel hook compression move to get your right hand over and up on a better hold.  Some very fun and different movement relative to the redundant pocketed limestone found in the area.    Just like the Boulder's Description, this specific side of it is usually moist, mossy  and muddy during the spring and summer.  If you find it on a dry day, you should not pass this climb up.","{108280591: 3, 109607267: 3}"
Natural High,110561160,Boulder,110549023,V2,15,1,3.0,4.0,"Sit start on 2 small crimps in the middle of the boulder.  Climb straight up through the mini-roof, topping out at the highest point of the boulder.","{106094812: 3, 108280591: 3, 110122928: 3, 111703228: 3}"
On the prowl,110558683,Boulder,110549023,V0-1,12,1,2.0,2.0,"Start below a crack on the left side of the boulder.  Climb  up through the crack at the top, topping out on the left side of the boulder.","{106094812: 2, 111703228: 2}"
Out shroomin,110561167,Boulder,110549023,V1,15,1,2.3,3.0,Sit start on the right side of the Morell boulder.  Move up and top out on the right side of the boulder.,"{111703228: 3, 106094812: 2, 108280591: 2}"
Acapella,112163472,Boulder,110549199,V1,10,1,2.0,2.0,"Start as low as possible on good holds, use whatever means necessary to make your way up to the Tooth and Top out.  There are some not so obvious hidden jugs and multiple variations for getting up this climb.","{108280591: 2, 111703228: 2}"
No Quarter,111711383,Boulder,110549199,V3-4,12,1,3.5,2.0," This climb is short but packs a punch for the climber working into the V3/V4 range. It starts at the bottom on some obvious holds .  Left hand works its way up the arete while right hand throws to a seemingly ""great"" pocket.  If you land this move the climb is over and goes right up the face.","{111703228: 4, 108280591: 3}"
Waking the Cadaver,112784318,Boulder,110549199,V2-3,10,1,2.5,2.0,"This climb offers some rare interesting movement relative to everything else in the area.  Start as low as possible perhaps using a back step and a toe hook under the gunky boulder along with a very low under-cling.  Immediately move up to some obvious crimps,then using scrunched up tricky foot work, work your way to the top.  Like most climbs here, the top is a path for run off water made obvious by the neat looking streak, so you may need to clean the top out jugs once per year and remove any build up. ","{111703228: 3, 108280591: 2}"
Benny Pump,117331451,Boulder,110549068,V6,15,1,4.0,1.0,"Feels natural, but definitely also a little contrived. That's what bouldering is all about! Start by stepping on the slab and going up left hand to a good pocket. Your hands should always stay on the more blank vertical face until you near the top. The picture will make it more understandable.",{109678890: 4}
Halfhearted,113083150,Boulder,110549068,V1,30,1,3.0,1.0,"Starts matched on the chest-high horizontal pocket on the left of the bulge. Throw left and up for some smaller crimpy pockets before tossing big into the moss on the face of the slab. Head straight up, avoid the holds out right and leaving the moss (c'mon, you're barely 15ft up!) Good jugs and pinches to be had up into the roof, so calm down and forget you're standing in moss. Get some high feet and go for the bomber baseball-sized jug on top just left of the prow, (about 6 inches farther than you want it.) Take a deep breath and mantle the thing. Don't forget to look down and notice you are pretty stinkin' high for a boulder problem.    Named for the fact that the boulder itself looks like a human heart AND that the moss on the left of the slab face looks like a half of a heart symbol.",{112299011: 3}
The Oardeal of the Boats,112166014,Boulder,110549068,V6+,18,1,4.0,2.0,Start on the left side of the main face of Project Boulder. Use similar beginning holds as Welcome to Gumby Town. Go right along the pockets on the left side of the roof. Use the thin rail and shallow pockets to stick the jug at the prow. Don't blow the topout!,"{110329286: 4, 108280591: 4}"
Skidloader,111212807,Boulder,110549068,V1,15,1,2.3,3.0,Starts in the middle of project boulder and climbs up towards the center using a right hand rail to get to a left hand crimp positioned in the center of the wall before the overhang starts. From here start to move right reaching up to a small left hand two finger side pull.  Throw right up and over the roof to find a juicy rail.  One more move to a deep pocket and walk your feet up over the roof and continue climbing a slabby section for another 6 feet to top.      Barbed Wire boulder is off as well as chossy looking stuff on right before over hang.,"{200043076: 3, 108280591: 2, 112299011: 2}"
Welcome to Gumby Town,111716069,Boulder,110549068,V3-4,20,1,1.5,2.0,"Start 2-3 feet right of the tree ( facing project boulder).  Climb up the slab shooting for pockets on the left side up under the mini roof, skeet left to get over the roof then head up a little right again to top it out.","{111703228: 2, 108280591: 1}"
Entanglement,113100332,Boulder,112892591,V3-4,10,1,4.0,1.0,"Starts Left hand in an amazing side pull, right hand on a sloped face. Move right to a nice pocket with a sharp lip and work your way straight up just left of the prow .  Crux is reaching over the bulge to good holds. May be easier for taller climbers!  Not sure if it is 4 star worthy but it is really fun once you figure out the beta.",{108280591: 4}
Intergallactic Microwaves,112892663,Boulder,112892591,V0-,0,1,2.0,3.0,"Sit down start far right , move to jugs and climb up to nice top out rail.  Easy Climbing.","{108280591: 2, 109607267: 2, 200642409: 2}"
Palm over Palm,113100443,Boulder,112892591,V0,15,1,2.3,3.0,Sit down start as low as possible on questionable looking rock.  Move into the obvious crack and traverse up the arête towards the prow. Top out all the way to the top through the jungle of crap or opt out and walk off left on the slab.,"{111703228: 3, 108280591: 2, 109607267: 2}"
Spontaneous Proton Decay,112892624,Boulder,112892591,V1,15,1,2.5,4.0,"Start low nice rails or standing and move to crimp side pull and two finger pocket, move up through a disguising sea of moss to find decent pockets all the way up to a series of knobs and rails for top out. ","{108280591: 3, 112299011: 3, 109607267: 2, 111703228: 2}"
Weak Nuclear Force,112892609,Boulder,112892591,V3,0,1,1.0,1.0,Start as low as possible on jugs with a gaston/undercling combo.  Make a couple moves up to nice jugs and pull the bulge to a slab.  Crux is first few moves and pulling the bulge. Just a few moves and this one is done. Walk off to the left,{108280591: 1}
Wubbalubbadubdub!,113100482,Boulder,112892591,V2-,15,1,3.0,3.0,"Starts very low, STD, with left hand on small nub and right hand in a sloper under-cling. Move up nice pockets and compression side pulls to the lip of the prow. Top out.","{108280591: 3, 109607267: 3, 111703228: 3}"
Boog's Big Dig,112892517,Boulder,111881667,V0,10,1,2.5,2.0,"Start Low and Far left, Work your way right on jugs and side pulls towards the center of the boulder .","{111703228: 3, 108280591: 2}"
Elementary Particles,112892544,Boulder,111881667,V0-,0,1,2.0,2.0,"Start low on jug and side pull, climb straight up on surf like side pulls to a large rail","{108280591: 2, 111703228: 2}"
Infinite Density,112892558,Boulder,111881667,V0+,10,1,2.3,3.0,"SD Start left hand on crimp side pull, right hand on lower crimp, Move to Jugs and top out highest point on the wall or bail to the left.","{200642409: 3, 108280591: 2, 111703228: 2}"
Marty's Trash Party,111883097,Boulder,111881667,V3,10,1,3.0,1.0,"Sit down start, left hand on 2-3 finger positive sloper, right hand on full hand sloper.  Move up to jug then follow the line of crimps which take you slightly right and up .  Massive undercling used on Boog's Big Dig is off.  Tops out either right and around the giant block going into poor quality honeycomb featured rock. I might have given it three stars if the top out wasnt so choss infested.  The movement and crimpy holds make for really good climbing.",{108280591: 3}
Particle Density,112892574,Boulder,111881667,V0,0,1,2.5,2.0,3 stars for being a nice warm up on mellow jugs low to the ground. Start far right sitting down and work your way left and up to the center of the wall.,"{108280591: 3, 111703228: 2}"
Aggregating Anenome,114444976,Sport,109515219,5.10d,60,1,3.0,2.0,"Climb up easy slab to better rock where the wall starts to slightly overhang then move left along the bolt line to pull a fun bouldery bulge sequence .  After the bulge, clip one more bolt to the anchors up left. Use an extended draw down low to avoid rope drag.  Everything on this route is OK for the capable 10d climber but pulling the bulge feels stout.  Thank you to Alan G. and other developers for bolting this line and the others surrounding.","{108280591: 3, 112337532: 3}"
Bottomed Out,109532030,Sport,109515219,5.11a,50,1,3.0,3.0,Slab to steep jugs,"{106908826: 3, 108280591: 3, 112337532: 3}"
Fire Escape,113223327,Boulder,109515219,V0,10,1,3.0,4.0,"Sustained movement throughout the entire problem. Classic roof climbing movement. Reminds me  bit of some bouldering down in Cowell, Arkansas","{200148414: 4, 109678890: 3, 111882068: 3, 108280591: 2}"
Jealous,113223161,Boulder,109515219,V0,20,1,3.5,2.0,Start at the bottom left of the boulder on some underclings and move toward the prow for the finish. Sustained moves from bottom to top. Looks very hard from a distance. Look closely and you'll find everything you need is right there. I'm surprised a line/face like this exists in Iowa.,"{109678890: 4, 107069748: 3}"
Night Skies,109531932,Sport,109515219,5.11d,45,1,3.0,2.0,Climb the slab past two bolts to a ledge. A hard crux right off the ledge leads to easier climbing.,"{106908826: 3, 112337532: 3}"
Out of Touch,109532100,Sport,109515219,5.11b,40,1,3.0,1.0,Pulls the wave-like bulge. Stays tough at the top.,{106908826: 3}
Overzealous,114432948,Boulder,109515219,V1-2,10,1,3.0,1.0,"Did you get psyched on the beautiful high quality Jealous line and roll up to the crag alone with one pad only to realize your not up for committing to the high ball bad landing fall that is sure to ensue?  Well your effort was not wasted.  A little tamer in difficulty and grade, this may be your next best bet.  Depending on whether you sit start or stand start the grade can feel anywhere from V0 to V2.  Climb up the top corner of the face on decent pockets or move all the way into the jug filled crack and top out in the same spot as Jealous.  ",{108280591: 3}
Whippa Time,109515232,Sport,109515219,5.10d,40,1,3.0,1.0,"Tough start through some choss, then the angle increases as the stone turns bullet.",{106908826: 3}
Xenophobe,109515261,Sport,109515219,5.11b/c,40,1,3.0,1.0,Long moves to small pockets on steep stone. Changes to vert at the top.,{106908826: 3}
The Yang,109532048,Sport,109515219,5.12a/b,50,1,3.0,2.0,Slab to steep pulling.,"{106908826: 3, 112337532: 3}"
The Yin,109532038,Sport,109515219,5.11d,50,1,3.0,1.0,Slab to steep pulling,{106908826: 3}
Back in the Groove,106279698,Sport,106271142,5.12d,30,1,3.7,6.0,Its hard all the way up.,"{106207441: 4, 109678890: 4, 109355903: 4, 112337532: 4, 105964503: 3, 109101477: 3}"
Bad to the Bone,106271146,Sport,106271142,5.10a,30,1,2.1,16.0,The crux is moving from the first to the second bolt.,"{112337532: 3, 108392797: 3, 106908826: 3, 106218515: 3, 106362194: 2, 200351198: 2, 200416200: 2, 107767899: 2, 109101477: 2, 111752519: 2, 106397425: 2, 111703228: 2, 109607267: 2, 108280591: 1, 105964503: 1, 111882068: 1}"
Big Muddy,106271219,Sport,106271142,5.10a,35,1,3.0,3.0,"Boulder problem start to great pocket pulling with fun, thoughtful and dynamic movement. Will probably require some brushing. ","{106908826: 4, 111882068: 3, 108280591: 2}"
Blastoid,106271211,Sport,106271142,5.10a,40,1,3.0,1.0,"Filthy, at times slabby.",{108280591: 3}
Blue Skies,106271181,Sport,106271142,5.10c,25,1,1.0,3.0,Clipping the first bolt.,"{105964503: 1, 106908826: 1, 108280591: 1}"
Bone Yard,106271207,Sport,106271142,5.10a,40,1,2.0,1.0,"Starting from the ground, this is about 45' - four bolts to rap hangers. ",{108280591: 2}
Caution When Flashing,106271194,Sport,106271142,5.11d,30,1,2.4,5.0,"The hangers are over the hump, so that they are hard to spot from the ground. Gets super crimpy at the third bolt.","{200112363: 4, 108280591: 3, 112337532: 2, 109101477: 2, 105964503: 1}"
Deer Crossing,106271163,Sport,106271142,5.11b,30,1,2.9,10.0,Athletic moves on overhanging pocketed rock.,"{107767899: 4, 112337532: 3, 109101477: 3, 109607267: 3, 108280591: 3, 106908826: 3, 106577569: 3, 106362194: 3, 200351198: 2, 105964503: 2}"
Golden Showers,106271199,Sport,106271142,5.12a,30,1,3.2,6.0,There is a pretty big dive on this climb if you miss the last bolt.,"{108280591: 4, 109355903: 4, 105828100: 3, 108368986: 3, 112337532: 3, 105964503: 2}"
Gravity Amp,106271167,Sport,106271142,5.12a,30,1,3.5,13.0,The crux is clipping the bolt on the roof.,"{200148414: 4, 106218515: 4, 106207441: 4, 200066826: 4, 109607267: 4, 111882068: 4, 109101477: 3, 112337532: 3, 108280591: 3, 105964503: 3, 105906180: 3, 105828100: 3, 200117956: 3}"
Happy Hooking,106271173,Sport,106271142,5.11c,25,1,2.1,7.0,"Long moves on a steep roof, to a heel hook clipping stance for the anchors.","{112337532: 3, 105964503: 2, 105828100: 2, 108280591: 2, 200117956: 2, 109101477: 2, 200351198: 2}"
Happy Toes,106271203,Sport,106271142,5.10a,25,1,2.5,2.0,"Traverse, starting at Power surge and ending at Bone Yard.","{108280591: 3, 111703228: 2}"
Liberal Tendencies,106271155,Sport,106271142,5.11a,30,1,3.5,19.0,The climb finishes on the same chains as Bad to the Bone.  Fun sustained climb.  The crux is clipping the chains.,"{112337532: 4, 200112363: 4, 111882068: 4, 111141094: 4, 108392797: 4, 109607267: 4, 111703228: 4, 108280591: 4, 106218515: 4, 106397425: 4, 200468882: 3, 107767899: 3, 105828100: 3, 109101477: 3, 111752519: 3, 110437123: 3, 106362194: 3, 106908826: 3, 105964503: 3}"
Power Surge,106271177,Sport,106271142,5.10b,30,1,1.7,6.0,Long moves to an arm intensive clip of the anchors.,"{105964503: 2, 108280591: 2, 109101477: 2, 112337532: 2, 106218515: 1, 200351198: 1}"
To Di For,106271185,Sport,106271142,5.7,25,1,1.3,3.0,"Short, little easy route on vert stone","{108280591: 2, 106908826: 1, 200416200: 1}"
Today,106271226,Sport,106271142,5.11d,30,1,2.7,3.0,Variation on Golden showers.,"{108280591: 3, 112337532: 3, 109101477: 2}"
Turn to Stone,106271190,Sport,106271142,5.11b,25,1,0.0,,Big blank spot after the first bolt.,
Unknown,106506232,Boulder,106506229,V3,10,1,3.0,1.0,"Sit start with hands matched on the ledge under the bulge.  Bump left hand up a couple of times, then pull through the crux - getting the right hand up into a pocket.  Work your feet up high and find some pretty good jugs for a gentle top out.",{106397425: 3}
Ronald,106415729,Trad,106415726,5.8,20,1,2.0,1.0,"Lead the crack on the right side of the arch.   Its pretty crumbly, and the exit it a jug to the right of the crack which is usually muddy.  You want to put in a lot of gear before you make the crux move, and make sure that your belayer isn't going to get kabonged with the rock you knock loose.",{105964503: 2}
Timmies and Timmies,112318001,Trad,112317949,5.8,40,1,2.0,1.0,"As paraphrased from the Ferguson guidebook, the start to this climb is just to the right of a small pocket about four feet high.  Work up straight up to the top.  The crux is working over the ceiling about 15 feet off the ground.",{112306625: 2}
Fissure of Orlando,113486572,Trad,113486569,5.7,30,1,2.0,1.0,Short crack overlooking the river.  Starts off with some hands to fists and ends with offwidth near top.,{109607267: 2}
Ring Trilogy,113690469,Trad,113690461,5.7,40,1,3.0,1.0,"A lightning bolt shaped, fairly clean splitter crack / dihedral which is unique for the state.    Starts at #2/#3's and continues to widen as it goes up.",{109607267: 3}
Rob's Diner,108997953,Trad,108973534,5.4,25,1,1.0,1.0,"This is an obvious, huge corner or chimney that should be unmistakeable and can serve as a reference point for routes to the left or right.",{200736575: 1}
Ghost Dancer,106087589,Sport,106087239,5.11a,70,1,2.8,26.0,"Starts off slow. First three bolts are a few feet left of the rest of the route, I have seen the use of extended runners on these three bolts to decrease rope drag, although I think most people just use sport draws, as the rope drag is minimal.","{108373400: 4, 200112363: 4, 109678890: 4, 11181: 4, 200468882: 4, 109690266: 4, 200100133: 3, 111025116: 3, 106086988: 3, 107147231: 3, 200809446: 3, 106202599: 3, 109607267: 3, 10439: 3, 106603742: 3, 107663344: 3, 111703228: 3, 108092606: 3, 105917266: 2, 112337532: 2, 108280591: 2, 200225351: 2, 105828100: 2, 108222837: 2, 108895420: 1, 109101477: 1}"
Herding Sheep,106087248,Trad,106087239,5.6,50,1,2.6,15.0,Climbs the crack/groove/general weakness up to a chimney to the top.,"{109678890: 4, 108280591: 4, 106086988: 3, 200349240: 3, 200100133: 3, 200214004: 3, 112025009: 3, 107142348: 2, 110115291: 2, 11181: 2, 10439: 2, 200225351: 2, 106334133: 2, 106805644: 2, 108092606: 2}"
Hope for a Boner,106087242,Sport,106087239,5.10a,40,1,2.7,53.0,"Fun route on a variety of edges crimps rails... not just pockets, has had some large rocks pull off in the past.","{107309020: 4, 200231384: 4, 11181: 4, 109468689: 4, 200101945: 4, 200357751: 4, 106908826: 4, 109678890: 4, 111752519: 3, 112337532: 3, 107417154: 3, 109607267: 3, 200190185: 3, 200100133: 3, 111901865: 3, 107560585: 3, 200489551: 3, 200351198: 3, 200349240: 3, 112025009: 3, 108779252: 3, 108280591: 3, 107332699: 3, 106086988: 3, 107816900: 3, 108023481: 3, 106397425: 3, 106603742: 3, 105838691: 3, 10439: 3, 106028618: 3, 109101477: 2, 108392797: 2, 105917266: 2, 107147231: 2, 200809446: 2, 106195833: 2, 108229097: 2, 107562472: 2, 108092606: 2, 107827336: 2, 111848152: 2, 111703228: 2, 107663344: 2, 107676318: 2, 111686720: 2, 108222837: 2, 105828100: 2, 200225351: 2, 200094288: 2, 107785600: 1, 108895420: 1, 106218515: 1}"
Super Fly,106087593,Sport,106087239,5.11b,70,1,3.2,17.0,"One of the better climbs in PR, especially since the death flake was cleaned off in recent years.  Begin just a little left of the 1st bolt and enjoy technical pocket and crimps  through the bottom section to a good rest,  where the climb steepens. Look for the turtle head at the top of the pumpy bulge and keep cranking to the open cold shuts.  This climb can be damp at the horizontal and might be avoided if that area of the climb is wet/saturated.  The remnant of the death flake to the right should be avoided, that rock is choss and unstable.","{106086988: 4, 109678890: 4, 108280591: 4, 111703228: 4, 107147231: 4, 106908826: 4, 10439: 4, 106202599: 3, 108092606: 3, 107816900: 3, 11181: 3, 112337532: 3, 105828100: 3, 105917266: 2, 109607267: 2, 109101477: 2, 109152722: 2}"
Henpecked,119056348,Boulder,114524966,V0-1,0,1,2.0,2.0,Sit start with feet under boulder.  There is another smaller part of the over hang right of Moon Jelly top out. Start on a left hand 2-3 finger pocket with a right hand 1-2 finger pocket.  Nice little 3-4 move problem. Top out is mossy on sharp rock. Down climb to climbers left where moon jelly tops out. ,"{108280591: 2, 200511427: 2}"
Moon Jelly,114525504,Boulder,114524966,V3,8,1,2.5,2.0,"Start as far back in the overhang section as possible.  Usually the furthest back is seeping with water.  Bring some Chalk to dry out a key thin rail that tends to be moist.  Work a cruxy, possibly inverted, sequence to climb out of the over hang onto nice jugs and Top out.  Until the top of the boulder is cleaned up a bit more you climb right back down to your pad for a descent.","{108280591: 3, 200511427: 2}"
Chicago Business Trip,111711370,Sport,106087019,5.11a,50,1,3.0,6.0,"Good holds through slightly overhanging terrain to a long, steep move at the anchors.","{109678890: 4, 111025116: 4, 106908826: 3, 106577569: 3, 200112363: 3, 108280591: 1}"
Empty Pockets,106087022,Sport,106087019,5.11c,0,1,3.0,10.0,one funky move with hidden holds,"{200112363: 4, 200603639: 4, 109678890: 4, 106908826: 4, 106577569: 3, 112337532: 3, 200300034: 3, 106094812: 3, 11181: 1, 10439: 1}"
Kneel Before Zod,111711440,Sport,106087019,5.11a,50,1,2.4,5.0,Starts from the ground. Steer clear of the large vine and make your way up vertical terrain to a large belly. Have fun pulling past this one then skate the slab to the anchors.,"{109678890: 4, 106908826: 3, 108280591: 2, 112337532: 2, 106577569: 1}"
Kum and Go,106087026,Sport,106087019,5.12a,0,1,2.8,5.0,some really good powerful pulling with a bit of choss at the bottom. A nice dyno move at the top protects the anchors,"{109678890: 4, 106577569: 3, 108280591: 3, 200112363: 3, 11181: 1}"
Son of Jor-El,111711418,Sport,106087019,5.11b,50,1,3.0,7.0,Scramble up past the smaller cave on the right to start. Steep route with big moves to good holds. Sustained.,"{106908826: 4, 109678890: 4, 108280591: 3, 111025116: 3, 112337532: 3, 106577569: 2, 109607267: 2}"
Collin's Crack,106087008,Trad,106086999,5.6,30,1,2.3,31.0,The obvious left facing dihedral. Usually top roped.,"{109678890: 4, 200231384: 4, 107309020: 3, 107173932: 3, 108297011: 3, 200043076: 3, 111752519: 3, 200214004: 3, 200280639: 3, 200101945: 3, 110456007: 3, 106209198: 3, 106334133: 3, 108280591: 3, 110115291: 2, 112025009: 2, 10439: 2, 108392797: 2, 107818904: 2, 106086988: 2, 111848152: 2, 11181: 2, 109351075: 2, 110591893: 1, 200225351: 1, 106028618: 1, 106397425: 1, 109607267: 1, 106717953: 1, 106646737: 1, 107783719: 1}"
Left side route,106360437,Sport,106086999,5.8+,0,1,1.7,10.0,Start left of young and the bold to the odd bolt up and to the left. work right to the Young's anchors.,"{109678890: 4, 111703228: 3, 10439: 2, 200231384: 2, 200190185: 1, 111882068: 1, 108280591: 1, 107818904: 1, 11181: 1, 106028618: 1}"
Old and Decrepit,106087013,Sport,106086999,5.6,30,1,1.8,39.0,Good first lead. Usually dirty.,"{109678890: 4, 110456007: 3, 106209198: 3, 111882068: 3, 111752519: 3, 111901865: 3, 107173932: 2, 111703228: 2, 110122928: 2, 111013333: 2, 200231384: 2, 7041659: 2, 200214004: 2, 112025009: 2, 108280591: 2, 200225351: 2, 200626582: 2, 112080125: 2, 108392797: 2, 200349240: 2, 108023481: 2, 10439: 2, 108092606: 2, 106028618: 2, 106334133: 2, 109206421: 2, 106560997: 1, 200190185: 1, 105838691: 1, 112337532: 1, 11181: 1, 107818904: 1, 110115291: 1, 106908826: 1, 107785600: 1, 200043076: 1, 107783719: 1, 109351075: 1, 111848152: 1}"
The Young and the Bold,106087003,Sport,106086999,5.8,30,1,2.2,39.0,slabby polished climb.,"{109678890: 4, 108280591: 3, 109351075: 3, 200064832: 3, 112337532: 3, 111752519: 3, 200190185: 3, 106560997: 3, 112025009: 3, 111901865: 3, 200043076: 3, 110115291: 2, 111703228: 2, 107564993: 2, 200231384: 2, 107417154: 2, 200101945: 2, 108373400: 2, 200626582: 2, 110122928: 2, 111882068: 2, 112080125: 2, 105838691: 2, 106334133: 2, 106028618: 2, 10439: 2, 11181: 2, 107783719: 2, 200349240: 2, 108297011: 2, 111848152: 2, 107818904: 2, 110750765: 2, 108023481: 1, 106026309: 1, 108392797: 1, 106086988: 1, 110591893: 1, 106908826: 1}"
The Buddha (aka Turn Me Loose),106087926,Sport,106087597,5.10b,40,1,2.8,14.0,"A little overgrown from low traffic, slightly overhanging.","{200112363: 4, 200603639: 4, 109678890: 4, 108092606: 4, 112337532: 3, 107147231: 3, 109607267: 3, 108280591: 3, 106234044: 3, 106908826: 3, 105828100: 2, 106028618: 1, 11181: 1, 106086988: 1}"
"Exquze me, do you have any Grey Poupon?",106087921,Sport,106087597,5.10a,40,1,1.9,22.0,"Tends to have more sloppy pockets then Three Strikes, grade may not be as consistent through the whole route.","{109678890: 4, 200112363: 3, 106744755: 3, 106086988: 2, 110211285: 2, 109351075: 2, 109607267: 2, 200100133: 2, 112337532: 2, 108092606: 2, 107147231: 2, 105964503: 2, 106334133: 2, 11181: 2, 106518692: 2, 106560997: 2, 10439: 1, 109101477: 1, 107816900: 1, 106962670: 1, 106908826: 1, 108280591: 0}"
Flash,106087618,Sport,106087597,5.11b,50,1,3.6,44.0,Climbs the big overhanging bulge the whole way up. Super Classic jug haul.,"{200809446: 4, 111882068: 4, 105900841: 4, 109101477: 4, 109678890: 4, 111686720: 4, 200231384: 4, 200100133: 4, 108185849: 4, 14346: 4, 112159020: 4, 109468689: 4, 111025116: 4, 200468882: 4, 200603639: 4, 200112363: 4, 111141094: 4, 109607267: 4, 106055829: 4, 11181: 4, 106218515: 4, 105974731: 4, 106518692: 4, 105969464: 4, 106086988: 4, 106713152: 4, 106195833: 4, 106207441: 4, 107332699: 4, 108280591: 4, 200351198: 3, 105964503: 3, 107147231: 3, 200101945: 3, 108288491: 3, 107922695: 3, 10439: 3, 112337532: 3, 112555409: 3, 105828100: 3, 200169680: 3, 105917266: 2, 108895420: 2, 107560585: 2}"
He Man,106087613,Sport,106087597,5.11b,30,1,2.2,9.0,"Shares the first two bolts with Flash, then continues to the right of Flash to its own chains. One muddy pocket under the overhang.","{109678890: 4, 200112363: 4, 108343117: 2, 108280591: 2, 109607267: 2, 200351198: 2, 112337532: 2, 11181: 1, 109101477: 1}"
Julie's Kiss,106087906,Sport,106087597,5.11c,30,1,3.6,14.0,short easy section to a short roof and bulge.,"{11181: 4, 107147231: 4, 200298278: 4, 200112363: 4, 200468882: 4, 109678890: 4, 108280591: 4, 109607267: 4, 111025116: 3, 10439: 3, 112337532: 3, 106218515: 3, 200809446: 3, 109101477: 3}"
Skeletor,106087608,Sport,106087597,5.10a,30,1,2.2,25.0,"Overhung juggy, often dirty due to little traffic.","{109678890: 4, 200112363: 4, 200949995: 3, 107147231: 3, 107922695: 3, 200371781: 3, 200069880: 2, 109101477: 2, 107562472: 2, 200351198: 2, 109468689: 2, 111882068: 2, 111848152: 2, 106086988: 2, 10439: 2, 11181: 2, 112337532: 2, 108023481: 2, 106908826: 2, 107663344: 2, 108280591: 2, 200214004: 1, 200809446: 1, 105964503: 1, 106028618: 1}"
Tazmanian Devil,106087601,Sport,106087597,5.10d,30,1,2.6,39.0,"Short and pumpy, big ledges and jugs.","{109678890: 4, 200112363: 4, 108280591: 3, 109607267: 3, 200225351: 3, 111703228: 3, 200231384: 3, 111141094: 3, 112337532: 3, 200043076: 3, 111882068: 3, 112159020: 3, 200949995: 3, 107922695: 3, 108200278: 3, 105964503: 3, 109468689: 3, 200809446: 3, 107147231: 3, 105974731: 3, 106397425: 3, 10439: 3, 106195833: 3, 200100133: 3, 108363126: 2, 200351198: 2, 105828100: 2, 105969464: 2, 106334133: 2, 106218515: 2, 11181: 2, 106028618: 2, 107663344: 2, 108288491: 2, 111848152: 2, 105900841: 2, 109101477: 2, 106086988: 2, 106202599: 1}"
Three Strikes No Balls,106087912,Sport,106087597,5.10a,40,1,3.2,38.0,Fun climb with good pockets past a few overhanging bulges.,"{112025009: 4, 111141094: 4, 109607267: 4, 109678890: 4, 200112363: 4, 200094288: 4, 112324689: 4, 107147231: 4, 200349240: 4, 106908826: 4, 10439: 4, 106218515: 3, 106028618: 3, 200100133: 3, 112337532: 3, 107560585: 3, 200585538: 3, 200214004: 3, 105964503: 3, 106086988: 3, 200609301: 3, 107104674: 3, 105828100: 3, 108222837: 3, 107361949: 3, 107564993: 3, 108092606: 3, 109690266: 3, 111848152: 3, 11181: 3, 111703228: 3, 111882068: 3, 108368986: 3, 106962670: 2, 106055829: 2, 106518692: 2, 108280591: 2, 108023481: 2}"
Lost & Found,111837403,Sport,106087972,5.11a,75,1,2.5,4.0,Goes up some very nice stone past a large flake before tackling a couple roofs then finishing on a slab.,"{109678890: 4, 200809446: 3, 106908826: 2, 108280591: 1}"
Winged Messenger,106087975,Sport,106087972,5.10c,30,1,3.1,9.0,It will probably be a little dirty. Lots of crimps and sloping holds.,"{106908826: 4, 108280591: 4, 109678890: 4, 200585538: 4, 106028618: 3, 200100133: 3, 200809446: 3, 109607267: 2, 11181: 1}"
For Gumbies Only,106088416,Sport,106088413,5.10a,0,1,2.1,13.0,Climbs up the steep half-detached rock pillar. More like 5.7 if you stem and use the wall to the left.,"{109678890: 4, 111783002: 3, 108280591: 3, 109607267: 3, 107360131: 2, 107767899: 2, 106086988: 2, 106908826: 2, 107816900: 2, 107922695: 1, 200101945: 1, 10439: 1, 111848152: 1}"
Gumby Deranged,106088421,Sport,106088413,5.9,0,1,2.1,22.0,One fun move.,"{109678890: 4, 106908826: 3, 107173932: 3, 107816900: 3, 109351075: 3, 200271992: 2, 111901865: 2, 200225351: 2, 200101945: 2, 200280639: 2, 112337532: 2, 105828100: 2, 107922695: 2, 111783002: 2, 109607267: 2, 200100133: 2, 111848152: 2, 106334133: 2, 108280591: 2, 10439: 1, 107360131: 1, 107767899: 1}"
Gumby Does Pokey,106088426,Sport,106088413,5.10c,0,1,1.5,8.0,Some odd moves.,"{109678890: 4, 107816900: 3, 106207441: 1, 106086988: 1, 10439: 1, 106908826: 1, 111882068: 1, 108280591: 0}"
Gumby with a Drill,107615449,Sport,106088413,5.11c,30,1,2.9,8.0,Vertical to slightly overhanging line on quality limestone.,"{109678890: 4, 108280591: 3, 109690266: 3, 109607267: 3, 112337532: 3, 111025116: 3, 106207441: 2, 105828100: 2}"
Gumby With a Gun,106088430,Sport,106088413,5.11d,0,1,3.0,11.0,"Start up to a ledge and your first clip. Power through the first crux and into interesting, body tension type moves and two more clips. Rest, then decide on powering through a second crux or firing to a bucket of an exit hold. Enjoyable route.","{107816900: 4, 109678890: 4, 200809446: 3, 105828100: 3, 107767899: 3, 108280591: 3, 109607267: 3, 112337532: 3, 106908826: 3, 107360131: 2, 106207441: 2}"
No Gumbies Allowed,106088434,Sport,106088413,5.11d,0,1,2.3,6.0,No info available.,"{109678890: 4, 112337532: 3, 106207441: 2, 106107934: 2, 109607267: 2, 10439: 1}"
Angst,106087941,Sport,106087932,5.9,30,1,1.7,13.0,"Climbs a short vertical section, runs out on a slab to the anchors.","{109678890: 4, 106908826: 3, 200112363: 2, 106560997: 2, 109607267: 2, 11181: 2, 108280591: 1, 107785600: 1, 107564993: 1, 10439: 1, 106397425: 1, 106028618: 1, 106086988: 1}"
Dirty Lid,106580141,Trad,106087932,5.7,60,1,1.0,2.0,Dirty lid it the usually dirty crack about halfway between Schoolio and the cave. Can be lead on gear but remember this is Iowa limestone. Can also be TR'ed off a tree. The main crack starts about 25 feet off the deck.,"{10439: 1, 11181: 1}"
Schoolio,106087935,Sport,106087932,5.9,40,1,2.5,48.0,"Loved or hated, Schoolio climbs the right corner of the Comic Gallery/Ice Cave Wall.","{200064832: 4, 109678890: 4, 107564993: 3, 107922695: 3, 108092606: 3, 108779252: 3, 108392797: 3, 200100133: 3, 111752519: 3, 107147231: 3, 200231384: 3, 200225351: 3, 200280639: 3, 112337532: 3, 200112363: 3, 200351198: 3, 108200278: 3, 108023481: 3, 107266377: 3, 107104674: 3, 200949995: 3, 107173932: 3, 107562472: 3, 106908826: 3, 107816900: 3, 106026309: 2, 109101477: 2, 106028618: 2, 200101945: 2, 106086988: 2, 106692255: 2, 106411025: 2, 10439: 2, 111882068: 2, 108222837: 2, 107785600: 2, 107663344: 2, 11181: 2, 106397425: 2, 109607267: 2, 111703228: 2, 111848152: 2, 106218515: 2, 200043076: 2, 107560585: 2, 108280591: 1, 107361949: 1, 111686720: 1}"
Jugular,106087230,Sport,106087218,5.8,40,1,2.3,54.0,Steepest of the three.,"{107564993: 4, 109678890: 4, 107562472: 3, 109468689: 3, 112025009: 3, 200214004: 3, 200064832: 3, 106908826: 3, 107663344: 3, 108280591: 3, 111752519: 3, 11181: 3, 108023481: 3, 108392797: 3, 107173932: 3, 106086988: 3, 106334133: 3, 200795579: 3, 106397425: 3, 109101477: 3, 10439: 3, 111703228: 2, 200043076: 2, 200100133: 2, 107417154: 2, 200190185: 2, 200949995: 2, 200237878: 2, 107147231: 2, 200782424: 2, 200101945: 2, 111975356: 2, 111848152: 2, 107818904: 2, 106028618: 2, 106218515: 2, 106411025: 2, 106717953: 2, 106685302: 2, 106646737: 2, 107266377: 2, 108200278: 2, 108779252: 2, 108222837: 2, 107309020: 2, 107827336: 2, 107922695: 2, 109607267: 2, 107560585: 1, 107816900: 1, 108092606: 1, 110591893: 1, 106962670: 1, 106692255: 1}"
Mild Iowa,106087226,Sport,106087218,5.8,40,1,2.2,52.0,Easiest route by the general assumption.,"{109678890: 4, 107173932: 3, 106560997: 3, 107266377: 3, 200190185: 3, 106908826: 3, 200064832: 3, 111901865: 3, 200100133: 3, 112025009: 3, 107818904: 3, 107681753: 3, 106086988: 3, 107147231: 3, 200043076: 2, 200949995: 2, 200237878: 2, 200214004: 2, 107417154: 2, 200101945: 2, 200357751: 2, 111783002: 2, 108023481: 2, 200280639: 2, 111807134: 2, 109468689: 2, 111703228: 2, 111975356: 2, 111848152: 2, 106028618: 2, 106218515: 2, 106411025: 2, 10439: 2, 106397425: 2, 106685302: 2, 11181: 2, 108200278: 2, 108222837: 2, 108280591: 2, 109206421: 2, 107827336: 2, 109607267: 2, 107922695: 2, 107783719: 2, 106334133: 2, 105969464: 1, 109101477: 1, 107560585: 1, 110591893: 1, 200225351: 1, 108092606: 1, 106692255: 1}"
Space Critters,106395423,Trad,106087218,5.7+,40,1,2.0,1.0,"This is a trad lead protected with Aliens (hence the name). It starts slightly left of a plumb line from the left-hand Jugular anchor and takes more or less a direct line to the anchors on Jugular. For those not into trad leads, it can be top-roped from the Jugular anchors for a little extra fun after doing that route.",{106908826: 2}
Whipper Snapper,106087222,Sport,106087218,5.8,40,1,2.0,50.0,Named because of a fall taken by Evan Fales.,"{107173932: 4, 106908826: 4, 109678890: 4, 107562472: 3, 200064832: 3, 107266377: 3, 111752519: 3, 111975356: 3, 200357751: 3, 108373400: 3, 200783918: 3, 107147231: 3, 106086988: 3, 111703228: 2, 200190185: 2, 112324689: 2, 112025009: 2, 111807134: 2, 200225351: 2, 200101945: 2, 200280639: 2, 106411025: 2, 109468689: 2, 111848152: 2, 107827336: 2, 106334133: 2, 106028618: 2, 10439: 2, 106717953: 2, 106397425: 2, 106685302: 2, 11181: 2, 107816900: 2, 108200278: 2, 108779252: 2, 108222837: 2, 107560585: 1, 109607267: 1, 112337532: 1, 200782424: 1, 109101477: 1, 108392797: 1, 200100133: 1, 200214004: 1, 110591893: 1, 108280591: 1, 108092606: 1, 107069748: 1, 105969464: 1, 109690266: 0}"
Echoes of Savages,110353750,Sport,110353745,5.7+,40,1,2.4,14.0,Big holds on pretty bomber stone.  Slab to a ledge then pull a slight belly before tackling the upper headwall. Climbs right of the bolt line.,"{109678890: 4, 200100133: 4, 111848152: 3, 200280639: 3, 200231384: 3, 107922695: 3, 106908826: 3, 200043076: 2, 200190185: 2, 200101945: 2, 112510878: 1, 108280591: 1, 109607267: 1, 110591893: 1}"
Fresh Blood,110356644,Sport,110353745,5.10d,40,1,3.0,7.0,Climb a slab to a short roof with good holds.  A big move to a huge jug is required to move past the roof.  A few more moves brings you to the anchors.,"{109678890: 4, 106908826: 3, 200043076: 3, 108280591: 3, 200231384: 3, 111025116: 3, 200809446: 2}"
Side to Side,109664320,Boulder,106087210,V2-3,15,1,3.0,6.0,"Sidepull sit-start under the three big pockets and go straight up using big pockets, small pockets, and sidepulls. The crux is past the small pockets, almost at the top - transition from sidepull to sidepull.","{106234044: 4, 109468689: 3, 200043076: 3, 200700472: 3, 200169680: 3, 108280591: 2}"
Unknown V3-4,108379109,Boulder,106087210,V3-4,15,1,3.0,5.0,"Starts off in the middle of the boulder with some big holds, then goes straight up to a dirty top out.    I cleaned off most of the lose holds, and dirt.  April '13","{107785600: 3, 106234044: 3, 200043076: 3, 200625397: 3, 200169680: 3}"
Over The Counter,106087965,Sport,106087947,5.9,75,1,2.9,52.0,"The crux is between the first and second bolt, one tricky move. Butt bombs onto rocks/tree roots are possible. After the second bolt, great cruising on jugs. When you get to the big hueco stay to the right of it.","{200190185: 4, 107173932: 4, 107000823: 4, 107922672: 4, 200231384: 4, 106028618: 4, 111141094: 4, 106086988: 4, 109678890: 4, 200112363: 4, 108280591: 4, 107816900: 4, 111848152: 3, 107827336: 3, 112324689: 3, 108288491: 3, 111752519: 3, 200349240: 3, 109607267: 3, 200203321: 3, 200214004: 3, 112025009: 3, 107147231: 3, 200783918: 3, 109214834: 3, 108944484: 3, 112337532: 3, 108222837: 3, 107564993: 3, 107562472: 3, 106908826: 3, 107332699: 3, 107785600: 3, 108092606: 3, 109354700: 3, 106334133: 3, 106685302: 2, 107104674: 2, 105964503: 2, 107560585: 2, 200225351: 2, 109101477: 2, 108392797: 2, 112080125: 2, 200100133: 2, 106962670: 2, 111686720: 2, 106717953: 2, 10439: 2, 107266377: 1, 110591893: 1, 106218515: 1}"
Silk Road,106087960,Sport,106087947,5.10b,70,1,2.7,42.0,"First bolt is a bit high, easy climbing up to it. A few tricky moves getting up to the main face. For the most part good pockets on a mostly vertical face, a few bulges.","{109678890: 4, 200349240: 4, 112025009: 4, 109690266: 4, 200112363: 4, 200670077: 4, 108392797: 3, 111975356: 3, 200949995: 3, 107560585: 3, 111141094: 3, 111752519: 3, 200203321: 3, 200225351: 3, 107147231: 3, 200231384: 3, 108092606: 3, 10439: 3, 106560997: 3, 106334133: 3, 106086988: 3, 107332699: 3, 107562472: 3, 107785600: 3, 107564993: 3, 108280591: 3, 107266377: 2, 112080125: 2, 200094288: 2, 106117548: 2, 200100133: 2, 111848152: 2, 108222837: 2, 109101477: 2, 11181: 2, 111686720: 2, 107827336: 2, 109607267: 2, 106028618: 2, 112337532: 2, 107816900: 1, 110591893: 1}"
Social Distance,118734603,Trad,106087947,5.8,80,1,3.0,5.0,Tallest trad route at PR! The crux is about 20ft off the ground. Great start following thinner crack. Pull over top of a ledge about 30ft up. Continue to follow crack left. Pull over short/ small overhang on great jugs. Follow crack to top on fun 5.6 climbing.,"{200468882: 4, 200094288: 3, 112025009: 3, 200349240: 3, 108280591: 2}"
Tarzan,106087950,Sport,106087947,5.7,50,1,2.7,89.0,"Easy climbing on good holds, the crux is between the  third and fourth bolts requiring the climber to reach on not so good holds, great climb for the beginning leader or top roper.","{107173932: 4, 200100133: 4, 108280591: 4, 200064832: 4, 109678890: 4, 200349240: 4, 200667780: 4, 200795579: 4, 109101477: 3, 200043076: 3, 111141094: 3, 112080125: 3, 108392797: 3, 111975356: 3, 111703228: 3, 107309020: 3, 110456007: 3, 109690266: 3, 109607267: 3, 109214834: 3, 108944484: 3, 112324689: 3, 111752519: 3, 200795457: 3, 200280639: 3, 200101945: 3, 111680823: 3, 109468689: 3, 200387479: 3, 112025009: 3, 200214004: 3, 200949995: 3, 200237878: 3, 200231384: 3, 200192114: 3, 112530455: 3, 200190185: 3, 107104674: 3, 11181: 3, 106028618: 3, 106397425: 3, 10439: 3, 106560997: 3, 106411025: 3, 106334133: 3, 105838691: 3, 105964503: 3, 106209198: 3, 107740771: 3, 106086988: 3, 106805644: 3, 107818904: 3, 107004675: 3, 108222837: 3, 107348132: 3, 111901865: 3, 107564993: 3, 109206421: 3, 109354700: 3, 109567536: 3, 108023481: 3, 107816900: 3, 107147231: 2, 108092606: 2, 107266377: 2, 200782424: 2, 200225351: 2, 112337532: 2, 107562472: 2, 107349738: 2, 200357751: 2, 108185849: 2, 108363126: 2, 200123316: 2, 110122928: 2, 111013333: 2, 111686720: 2, 106646737: 2, 106685302: 2, 111848152: 2, 108200278: 2, 107417154: 2, 106962670: 1, 106218515: 1, 106908826: 1, 107025325: 1, 106026309: 1, 110591893: 1, 107560585: 1}"
Jimmy Edge,113711237,Sport,113222957,5.12d,30,1,4.0,2.0,"I couldn't find a definitive crux. I think this route offers some pretty amazing movement. Movement that I've never gotten the opportunity to do on any other route in Iowa. I also really enjoyed this route because I felt that it is not too strenuous on the fingers, but it requires full body engagement the whole way through. Thank you Troy Davison for taking the time to bolt this amazing line!","{109678890: 4, 200112363: 4}"
Sneaky D.L. Fingers on the Hush Hush,113222977,Sport,113222957,5.12a/b,30,1,3.4,7.0,"The crux is right off the ground. The first move is probably the hardest. The next 3 are still hard but become sequentially easier. The first few holds are wet, so bring a rag to dry them off. The route becomes significantly easier from there on up.","{200148414: 4, 109678890: 4, 200112363: 4, 105900841: 3, 112337532: 3, 108280591: 3, 111025116: 3}"
Transparent,118092087,Sport,113222957,5.12b/c,30,1,3.8,4.0,Farthest right on T wall. ,"{105900841: 4, 109678890: 4, 200112363: 4, 112337532: 3}"
Push The Bush,112905072,Boulder,112329139,V2,0,1,2.0,2.0,Right side of boulder. Starts as low as possible on a slot and a flat jug. Moves to two finger pockets out right and then pulls the bulge on great holds . The crux on this one is keeping your hips in and not dabbing on anything. Dab anything and you blow your send.,"{108280591: 2, 111025116: 2}"
The Spice Must Flow,112329147,Boulder,112329139,V2,15,1,4.0,2.0,"Sit start below and left of the steep prow. Left hand is a flat jug, right hand is a two finger pocket. Move up and right to tackle the steepest part of the prow. Campus or heel hook to gain the upper slab. Sick movement on gorgeous stone.","{106908826: 4, 108280591: 4}"
Atropine,106087035,Sport,106087032,5.10a,30,1,2.2,34.0,"short one or two move wonder, after the first bolt this is a 5.8    Alternate start aka ""Atropine Direct""   Start to the left of the last two bolts, pull off a right hand on the bottom of the bulge to hit a left hand on the bulge and hit a bucket over the bulge, continue straight up to end just to the left of the anchors. Either stick clip the first bolt (because you can't reach it) or hang on till the second.    most climb the line starting under the first bolt going up over the bulge.","{200603639: 4, 109678890: 4, 111752519: 3, 111141094: 3, 108280591: 3, 109607267: 3, 108023481: 3, 107816900: 3, 106646737: 3, 106086988: 3, 106218515: 3, 106028618: 2, 106195833: 2, 105828100: 2, 200231384: 2, 112359946: 2, 112337532: 2, 200101945: 2, 109101477: 2, 107147231: 2, 11181: 2, 108392797: 2, 106397425: 2, 108200278: 2, 106908826: 2, 107663344: 2, 106603742: 2, 106202599: 2, 111848152: 2, 10439: 1, 105964503: 1, 105917266: 1, 107560585: 1, 105900841: 1}"
Bird in Hand,106087180,Sport,106087032,5.11b,30,1,3.3,33.0,"One of the more popular climbs on Wild Iowa Wall, steep pocket pulling!","{106086988: 4, 109607267: 4, 109048457: 4, 109690266: 4, 106908826: 4, 11181: 4, 106397425: 4, 10439: 4, 108280591: 4, 105974731: 4, 106218515: 4, 200112363: 4, 200468882: 4, 109678890: 4, 200101945: 3, 112337532: 3, 105828100: 3, 108185849: 3, 112359946: 3, 108288491: 3, 106026309: 3, 105964503: 3, 105917266: 3, 106028618: 3, 106195833: 3, 106747051: 3, 106202599: 3, 110750765: 3, 107147231: 3, 105900841: 2, 106055829: 2, 108392797: 2, 109101477: 1}"
Crack to the right of Atropine,108824375,Trad,106087032,5.6,35,1,1.5,2.0,Crack has some hand jams and each side has pockets and edges for easy hand and foot holds.  The ledge you take exiting the crack can be muddy.  There is little protection until you get from there to the tree.,"{106234044: 2, 108280591: 1}"
Gotz Crack,106087166,Trad,106087032,5.10b,30,1,2.2,5.0,Obvious crack that splits the face of Wild Iowa Wall. Sees little traffic.,"{108280591: 4, 109607267: 3, 107560585: 2, 10439: 1, 11181: 1}"
Hot Tamale,106087173,Sport,106087032,5.10c,30,1,2.5,21.0,"Bouldery start on polished holds, pull a bulge and jugs to the top, pumpy.","{112337532: 4, 200112363: 4, 109678890: 4, 107562472: 3, 200094288: 3, 111882068: 3, 107147231: 3, 108200278: 3, 107816900: 3, 11181: 3, 106397425: 3, 106086988: 3, 105964503: 2, 109101477: 2, 105828100: 2, 109607267: 2, 108280591: 2, 10439: 1, 106055829: 1, 105900841: 1, 105917266: 1}"
Hungry to Do,106087048,Sport,106087032,5.11c,30,1,2.9,15.0,"Make the clip on the second bolt, breathe and finish it.","{200112363: 4, 109678890: 4, 108280591: 4, 109101477: 3, 111025116: 3, 112337532: 3, 109607267: 3, 107767899: 3, 105900841: 3, 11181: 3, 10439: 3, 106086988: 3, 105917266: 2, 106055829: 2, 106218515: 1}"
Kiss of the Prince,106087196,Sport,106087032,5.11b,30,1,1.8,4.0,Route shares rap hangers with Wild Iowa.,"{109678890: 4, 105917266: 1, 11181: 1, 112337532: 1}"
Soul Ignition,106087186,Sport,106087032,5.12a,30,1,2.9,20.0,Has one really tough move,"{109678890: 4, 105906180: 4, 200112363: 4, 11181: 4, 108185849: 3, 111025116: 3, 106086988: 3, 200351198: 3, 109101477: 3, 105828100: 3, 105974731: 3, 106207441: 3, 10439: 3, 106218515: 3, 105917266: 2, 108018674: 2, 107360131: 2, 109607267: 2, 112337532: 2, 108280591: 1}"
Territorial Pissings,106087191,Sport,106087032,5.12a,30,1,3.0,21.0,"From my observations, the difficulty of this climb is more consistent than Soul.","{200112363: 4, 111141094: 4, 109678890: 4, 200168153: 4, 105828100: 3, 112337532: 3, 108185849: 3, 109101477: 3, 200351198: 3, 200809446: 3, 109607267: 3, 105900841: 3, 108280591: 3, 106202599: 3, 106207441: 3, 11181: 3, 10439: 3, 105974731: 3, 111025116: 3, 105917266: 2, 107360131: 1}"
Virgin Lemonade,106087040,Sport,106087032,5.10a,30,1,2.7,34.0,"somewhat polished, grade is more consistant than Atropine","{106908826: 4, 109678890: 4, 108092606: 3, 109607267: 3, 108280591: 3, 111848152: 3, 108392797: 3, 111141094: 3, 111752519: 3, 200231384: 3, 112359946: 3, 108373400: 3, 107147231: 3, 106086988: 3, 107564993: 3, 105964503: 3, 10439: 3, 112337532: 3, 106397425: 3, 106028618: 3, 11181: 3, 106195833: 3, 107816900: 3, 107069748: 3, 106055829: 2, 106218515: 2, 200100133: 2, 110211285: 2, 106202599: 2, 105900841: 2, 105828100: 2, 105917266: 1, 109101477: 1, 107560585: 1}"
Wild Iowa,106087200,Sport,106087032,5.11b,30,1,1.9,7.0,"lots of bad 2 finger pockets, the grade can be disputed.","{109678890: 4, 106908826: 2, 105828100: 2, 112337532: 2, 105917266: 1, 11181: 1, 105900841: 1}"
Border Town Donkey Show,106088400,Sport,106087984,5.11a,0,1,3.3,21.0,"Climbs up the arete. This route has seen more traffic as of fall of '07 possibly reducing the amount of loose rock.  More recently, Joe Stark and Troy Davidson have done some scaling work over the winter with the approval of the land managers to remove the dangerous choss (ie, loose rock) so that it is now a safe and worthwhile climb.","{111141094: 4, 112337532: 4, 109678890: 4, 200468882: 4, 108798829: 4, 200112363: 4, 109607267: 4, 107147231: 4, 106908826: 4, 200809446: 4, 200100133: 3, 109468689: 3, 106086988: 3, 107560585: 3, 111882068: 3, 109101477: 3, 111848152: 3, 108280591: 3, 107266377: 3, 111686720: 2, 10439: 1}"
Caught in the Crotch Fire,106088395,Sport,106087984,5.11d,0,1,0.0,,Link-up of Monkey Spank and Lesbian.,
Datura,106088375,Sport,106087984,5.10d,0,1,2.4,5.0,"A few weird moves, some hidden holds. At least one poorly placed bolt.","{109678890: 4, 108280591: 3, 112337532: 3, 106908826: 2, 105964503: 0}"
Fat Chicks on Pogo Sticks,106088380,Sport,106087984,5.12b,0,1,3.8,4.0,Sharp and dirty.,"{109678890: 4, 200415583: 4, 200112363: 4, 112337532: 3}"
Hollywood on a Buck O' Five,106088409,Sport,106087984,5.9,0,1,2.9,18.0,"Around the corner is a lone vertical to slightly overhanging route. Climb the chossy bottom section to a ledge, past this the climbing is very high quality. May be the best 5.9 at Pictured.","{111901865: 4, 109678890: 4, 109607267: 4, 106908826: 4, 108280591: 4, 111882068: 3, 107266377: 3, 109468689: 3, 107147231: 3, 200100133: 3, 111848152: 3, 108092606: 3, 112337532: 3, 107818904: 2, 111686720: 2, 105964503: 2, 106086988: 2, 10439: 1}"
Lesbian Knife Fight,106088390,Sport,106087984,5.11d,0,1,3.4,8.0,An easy 5.6 section to the left of a chossy arete leads you to a bulge and some hidden holds.,"{109678890: 4, 200468882: 4, 200112363: 4, 112337532: 4, 106577569: 3, 105900841: 3, 200298278: 3, 105964503: 2}"
Monkey Spank Mayhem,106088385,Sport,106087984,5.12a,0,1,3.5,2.0,Opening dyno followed by more long moves.,"{109678890: 4, 112337532: 3}"
Trespass  /  The Dispossessed,106088405,Sport,106087984,5.9,0,1,2.6,17.0,"The first 20 feet are the crux. Top out on a ledge. Route goes vertical to slab, clipping the 3rd bolt can be a little hairy.","{200112363: 4, 109678890: 4, 106908826: 3, 107147231: 3, 200100133: 3, 109607267: 3, 112337532: 3, 108280591: 3, 109351075: 3, 107560585: 2, 107266377: 2, 106086988: 2, 109468689: 2, 111882068: 2, 111686720: 2, 109101477: 2, 111848152: 2}"
Erratic behavior,118191733,Boulder,118170033,V3,14,1,4.0,2.0,"A kid on top of the boulder informed me that ""its much easier to get on top from the other side"".","{200585538: 4, 200112363: 4}"
He's just around the coroner,118191513,Boulder,118170033,V3,10,1,4.0,2.0,Short and powerful movement up the aerete. The opposing detached block is off. ,"{200585538: 4, 200112363: 4}"
Hidden in plain sight,118182843,Boulder,118170033,V1,9,1,3.0,2.0,"Fierce microboulder. Sit start on the obvious jug on the detached block. Stay low to and work along the lip. Once you get to the horn, top er' out. The most fun you can have two feet off the ground.","{200585538: 3, 200112363: 3}"
Lil Flake,119732310,Boulder,118170033,V1,13,1,3.0,1.0,"Standing start using obvious holds. Right leg smears just above the crack. Work your way up, with your left foot finally connecting with a thin flake near the arrete. Work your way to better hands and hook your left foot - allowing for higher hand holds. Cake from there.",{200946208: 3}
Waldo went to Yosemite,118182663,Boulder,118170033,V1,13,1,3.3,3.0,Stand Start on the obvious side pulling jugs. Climb the face. Don't fall on your face.,"{200603639: 4, 200585538: 3, 200112363: 3}"
Waldo’s Scramble,118669198,Boulder,118170033,V-easy,12,1,1.0,2.0,"Fun little scramble up the sloped side. Same start as “Hidden in Plain Sight”. Mantle the micro boulder, head to the right, over the crack, use the mini jugs/crimps to work your way up. Top out on top of the boulder. Stand tall and enjoy the view!","{200512824: 2, 108280591: 0}"
Wheres Waldo?,118170758,Boulder,118170033,V2,14,1,4.0,2.0,Sit Start on the crack. Pull a big move to a crimp and work across the face to the arete on the left side of the boulder. Top out from there. Super cool movement for an easy problem. ,"{200585538: 4, 200112363: 4}"
